<?xml version="1.0" encoding="UTF-8"?>
<project-private xmlns="http://www.netbeans.org/ns/project-private/1">
    <editor-bookmarks xmlns="http://www.netbeans.org/ns/editor-bookmarks/2" lastBookmarkId="0"/>
    <open-files xmlns="http://www.netbeans.org/ns/projectui-open-files/2">
        <group>
            <file>file:/D:/Java%20Project/library_management_system/src/jframe/chossenpage.java</file>
            <file>file:/D:/Java%20Project/library_management_system/src/jframe/issuebooks1.java</file>
            <file>file:/D:/Java%20Project/library_management_system/src/jframe/loginpage.java</file>
            <file>file:/D:/Java%20Project/library_management_system/src/jframe/homepage.java</file>
            <file>file:/D:/Java%20Project/library_management_system/src/jframe/DBConnection.java</file>
            <file>file:/D:/Java%20Project/library_management_system/src/jframe/returnbook1.java</file>
        </group>
    </open-files>
</project-private>
